amd_tag,bar_index,utc_hour,utc_minute,n_days,avg_favorable,p25_favorable,p50_favorable,p75_favorable,max_favorable,avg_adverse,avg_running_peak,p75_running_peak,avg_pullback_from_peak,pct_still_advancing,pct_new_peak,hard_sl_fired_pct,trail_fired_pct_2_5,trail_fired_pct_5,trail_fired_pct_7_5,trail_fired_pct_10,trail_fired_pct_12_5,trail_fired_pct_15
AMD_TEXTBOOK,0,10,0,38,-2.71,-6.9,-0.9,2.4,9,5.54,1.26,2.4,3.97,100,34.2,7.9,0,0,0,0,0,0
AMD_TEXTBOOK,1,10,5,38,-2.53,-7.1,-1.8,3.1,10.5,5.23,1.61,3.2,4.14,57.9,28.9,7.9,0,0,0,0,0,0
AMD_TEXTBOOK,2,10,10,38,-2.73,-7.3,-2.7,1.8,9.3,5.25,1.71,3.6,4.44,50,15.8,5.3,5.3,0,0,0,0,0
AMD_TEXTBOOK,3,10,15,38,-2.48,-7.4,-1.8,2.2,11.1,5.06,1.93,3.6,4.41,44.7,15.8,10.5,5.3,0,0,0,0,0
AMD_TEXTBOOK,4,10,20,38,-2.37,-8.1,-0.4,2.7,10,4.71,2.08,3.8,4.45,44.7,10.5,7.9,10.5,0,0,0,0,0
AMD_TEXTBOOK,5,10,25,38,-2.23,-7.9,-1.3,2.8,12.9,4.4,2.32,4.3,4.55,44.7,15.8,5.3,15.8,2.6,0,0,0,0
AMD_TEXTBOOK,6,10,30,38,-1.31,-6,-0.8,3.8,18.9,4.29,2.74,4.4,4.05,68.4,15.8,2.6,15.8,2.6,0,0,0,0
AMD_TEXTBOOK,7,10,35,38,-1.42,-6.1,-1.1,2.4,21.8,3.86,2.92,4.8,4.34,57.9,7.9,2.6,26.3,5.3,0,0,0,0
AMD_TEXTBOOK,8,10,40,38,-1.62,-6,-0.2,2,22.3,3.75,2.95,4.8,4.57,36.8,7.9,2.6,34.2,7.9,2.6,0,0,0
AMD_TEXTBOOK,9,10,45,38,-1.5,-4.9,-0.8,2.3,21.3,3.68,2.98,4.8,4.47,47.4,2.6,2.6,36.8,10.5,2.6,0,0,0
AMD_TEXTBOOK,10,10,50,38,-1.13,-4.3,-1.7,2.6,15.8,3.58,3.01,4.8,4.14,63.2,5.3,0,39.5,13.2,2.6,0,0,0
AMD_TEXTBOOK,11,10,55,38,-1.05,-4.5,-1.1,2.5,15.9,3.41,3.02,4.8,4.06,47.4,2.6,0,44.7,13.2,2.6,0,0,0
AMD_TEXTBOOK,12,11,0,38,-0.7,-4.2,-0.4,3.1,18.5,3.09,3.19,4.8,3.89,63.2,10.5,0,44.7,15.8,2.6,2.6,0,0
AMD_TEXTBOOK,13,11,5,38,-0.05,-3.4,-0.1,3.1,18.1,2.7,3.36,5.1,3.41,65.8,10.5,0,47.4,15.8,2.6,2.6,0,0
AMD_TEXTBOOK,14,11,10,38,0.19,-2.7,-0.4,3.8,15.3,2.37,3.54,5.4,3.35,55.3,10.5,0,50,15.8,5.3,2.6,2.6,0
AMD_TEXTBOOK,15,11,15,38,0.51,-3.1,0.4,3.5,13.8,1.84,3.71,5.4,3.19,52.6,18.4,0,52.6,21.1,7.9,2.6,2.6,2.6
AMD_TEXTBOOK,16,11,20,38,0.85,-2.1,1.2,4.7,14.7,1.38,3.92,6.3,3.07,57.9,18.4,0,52.6,21.1,7.9,5.3,2.6,2.6
AMD_TEXTBOOK,17,11,25,38,0.85,-3,0.8,5.1,13,1.59,4.06,6.3,3.21,47.4,13.2,0,55.3,21.1,7.9,5.3,2.6,2.6
AMD_TEXTBOOK,18,11,30,38,0.77,-2.1,1.2,4.2,12.7,1.48,4.13,6.3,3.36,44.7,5.3,0,60.5,23.7,7.9,5.3,2.6,2.6
AMD_TEXTBOOK,19,11,35,38,0.93,-1.1,1.4,3.6,9.6,1.62,4.17,6.3,3.24,44.7,5.3,0,60.5,26.3,7.9,7.9,5.3,2.6
AMD_TEXTBOOK,20,11,40,38,0.8,-1,0.6,2.6,8.4,1.5,4.25,6.4,3.45,42.1,13.2,0,68.4,31.6,13.2,7.9,5.3,2.6
AMD_TEXTBOOK,21,11,45,38,1.04,-0.9,1.4,2.2,8.9,1.57,4.41,6.4,3.37,50,13.2,0,71.1,31.6,13.2,7.9,5.3,5.3
AMD_TEXTBOOK,22,11,50,38,1.3,-0.2,1.7,3,7.3,1.44,4.59,6.4,3.3,57.9,18.4,0,71.1,39.5,15.8,10.5,5.3,5.3
AMD_TEXTBOOK,23,11,55,38,1.43,0.6,1.4,2,4,1.17,4.78,6.4,3.35,52.6,21.1,0,71.1,44.7,15.8,10.5,5.3,5.3
AMD_TEXTBOOK,24,12,0,38,1.71,0.7,1.6,2,11.3,1.68,5.03,6.4,3.32,50,21.1,0,71.1,47.4,18.4,10.5,5.3,5.3
AMD_TEXTBOOK,25,12,5,38,1.55,0,1,2.6,9.8,1.53,5.16,6.8,3.61,39.5,15.8,0,78.9,47.4,23.7,10.5,5.3,5.3
AMD_TEXTBOOK,26,12,10,38,1.89,-0.2,1.8,3.3,8.6,0.97,5.45,7.3,3.56,57.9,21.1,0,78.9,55.3,23.7,10.5,5.3,5.3
AMD_TEXTBOOK,27,12,15,38,2.27,-0.8,1.8,4.6,10.8,0.71,5.81,7.8,3.54,52.6,23.7,0,81.6,57.9,26.3,13.2,5.3,5.3
AMD_TEXTBOOK,28,12,20,38,2.77,-0.1,2,4.7,19.5,0.45,6.43,9.2,3.65,55.3,26.3,0,81.6,60.5,26.3,15.8,5.3,5.3
AMD_TEXTBOOK,29,12,25,38,3.34,-0.4,1.9,5.5,29.6,-0.18,6.98,9.2,3.64,57.9,21.1,0,84.2,60.5,26.3,15.8,5.3,5.3
AMD_TEXTBOOK,30,12,30,38,6.88,1.8,4.2,8.8,51.3,0.71,9.37,10.8,2.5,76.3,39.5,2.6,84.2,60.5,28.9,18.4,5.3,5.3
AMD_TEXTBOOK,31,12,35,38,5.58,1.3,3.7,8.2,55.5,-1.7,9.84,10.8,4.27,47.4,34.2,2.6,84.2,63.2,36.8,21.1,10.5,7.9
AMD_TEXTBOOK,32,12,40,38,5.89,0.9,4.5,9.6,54.8,-1.62,10.07,11.5,4.18,63.2,26.3,2.6,84.2,63.2,36.8,21.1,10.5,7.9
AMD_TEXTBOOK,33,12,45,38,6.21,0.6,6,9.4,59.9,-2.66,10.64,12.6,4.43,52.6,34.2,5.3,86.8,65.8,39.5,23.7,10.5,7.9
AMD_TEXTBOOK,34,12,50,38,6.65,1.2,5.9,10.8,59.7,-3.05,11.13,12.9,4.48,50,26.3,5.3,86.8,65.8,39.5,23.7,10.5,7.9
AMD_TEXTBOOK,35,12,55,38,6.87,1,6.2,11.3,63.1,-3.83,11.49,12.9,4.63,55.3,26.3,5.3,86.8,65.8,44.7,23.7,10.5,7.9
AMD_TEXTBOOK,36,13,0,38,8.02,0,6.8,12.4,61.9,-3.67,12.2,13.3,4.19,60.5,34.2,7.9,86.8,68.4,44.7,23.7,10.5,7.9
AMD_TEXTBOOK,37,13,5,38,8.4,0.6,6.8,12.6,64.1,-4.22,12.83,13.9,4.43,55.3,31.6,5.3,92.1,71.1,44.7,23.7,10.5,7.9
AMD_TEXTBOOK,38,13,10,38,8.06,0.7,6.7,12.4,69.5,-4.56,13.15,13.9,5.09,39.5,18.4,7.9,92.1,73.7,44.7,23.7,10.5,7.9
AMD_TEXTBOOK,39,13,15,38,8.19,0.6,6.2,12.8,69.8,-4.13,13.45,14.4,5.26,57.9,23.7,7.9,97.4,76.3,50,28.9,10.5,7.9
AMD_TEXTBOOK,40,13,20,38,7.83,1.2,5.7,12,64.3,-3.82,13.6,14.4,5.77,44.7,10.5,7.9,97.4,78.9,50,31.6,10.5,7.9
AMD_TEXTBOOK,41,13,25,38,7.51,1,6.2,11.2,66.5,-4.35,13.72,14.4,6.21,42.1,10.5,7.9,100,84.2,52.6,31.6,10.5,10.5
AMD_TEXTBOOK,42,13,30,38,8.7,2.1,7.3,13,66.7,-3.86,14.12,16.5,5.42,73.7,21.1,10.5,100,84.2,52.6,31.6,10.5,10.5
AMD_TEXTBOOK,43,13,35,38,8.8,2.2,6.6,16,66.3,-4.07,14.45,17.3,5.65,52.6,18.4,10.5,100,84.2,55.3,34.2,13.2,13.2
AMD_TEXTBOOK,44,13,40,38,9.07,2.2,8.7,17.1,58.7,-4.81,14.99,19.2,5.93,52.6,23.7,7.9,100,84.2,57.9,34.2,13.2,13.2
AMD_TEXTBOOK,45,13,45,38,9.35,2.6,8.9,16.2,49.2,-4.76,15.25,19.2,5.89,55.3,23.7,10.5,100,84.2,60.5,34.2,15.8,15.8
AMD_TEXTBOOK,46,13,50,38,8.37,1.6,9,15.1,45.9,-3.47,15.69,19.2,7.32,36.8,28.9,7.9,100,84.2,65.8,39.5,18.4,18.4
AMD_TEXTBOOK,47,13,55,38,8.49,0.2,8.3,16.6,43.8,-4.41,16.18,19.3,7.69,55.3,28.9,7.9,100,84.2,68.4,42.1,21.1,21.1
AMD_TEXTBOOK,48,14,0,38,9.4,0.6,9,18.6,53.1,-2.17,16.54,20,7.15,55.3,26.3,15.8,100,84.2,68.4,42.1,21.1,21.1
AMD_TEXTBOOK,49,14,5,38,7.41,0.8,6.1,18.4,44.3,-2.38,16.98,21,9.56,28.9,15.8,13.2,100,86.8,71.1,42.1,26.3,23.7
AMD_TEXTBOOK,50,14,10,38,6.53,-0.4,5,16.4,42.9,-1.91,17.13,21,10.6,39.5,13.2,13.2,100,89.5,71.1,50,28.9,23.7
AMD_TEXTBOOK,51,14,15,38,6.51,-0.1,4.2,17.1,50.3,-2.01,17.55,21.9,11.04,44.7,10.5,13.2,100,89.5,78.9,50,28.9,26.3
AMD_TEXTBOOK,52,14,20,38,6.97,-0.9,5.2,18.2,54.9,-2.64,17.74,22.2,10.77,60.5,10.5,13.2,100,89.5,78.9,55.3,31.6,28.9
AMD_TEXTBOOK,53,14,25,38,7.24,-2.3,8.8,17.8,54.9,-3.34,17.85,22.3,10.61,44.7,13.2,13.2,100,92.1,78.9,57.9,34.2,28.9
AMD_TEXTBOOK,54,14,30,38,7.79,-2.3,7.4,21.7,49.1,-2.08,18.35,22.4,10.56,47.4,13.2,13.2,100,92.1,78.9,57.9,34.2,28.9
AMD_TEXTBOOK,55,14,35,38,7.3,-2.2,7.1,21.2,45.5,-2.86,18.58,23.2,11.28,44.7,7.9,13.2,100,92.1,81.6,57.9,34.2,28.9
AMD_TEXTBOOK,56,14,40,38,6.67,-2.6,6.8,21.4,45.3,-2.01,18.78,24,12.11,39.5,7.9,15.8,100,92.1,81.6,57.9,36.8,28.9
AMD_TEXTBOOK,57,14,45,38,6.99,0.2,5.4,19.6,46.1,-1.98,18.86,25.4,11.87,60.5,7.9,15.8,100,92.1,81.6,57.9,36.8,28.9
AMD_TEXTBOOK,58,14,50,38,6.81,-1.4,4.3,20,44.8,-1.47,18.98,25.4,12.17,39.5,5.3,15.8,100,94.7,81.6,63.2,39.5,28.9
AMD_TEXTBOOK,59,14,55,38,5.79,-2.4,2.8,19,46.5,-1.21,18.99,25.4,13.2,28.9,2.6,10.5,100,97.4,81.6,63.2,44.7,28.9
AMD_TEXTBOOK,60,15,0,38,6.35,-4.5,6.5,22.4,46,-1.13,19.39,26.4,13.04,52.6,13.2,15.8,100,97.4,81.6,63.2,44.7,36.8
AMD_TEXTBOOK,61,15,5,38,6.25,-5.2,8.5,21.6,44.6,-1.76,19.53,26.4,13.28,52.6,15.8,18.4,100,97.4,81.6,63.2,47.4,39.5
AMD_TEXTBOOK,62,15,10,38,7.01,-5.4,8.8,21.3,46.4,-2.89,19.88,26.4,12.87,63.2,15.8,13.2,100,97.4,81.6,63.2,47.4,39.5
AMD_TEXTBOOK,63,15,15,38,8.04,-2,8.5,23.1,49.4,-4.11,20.14,26.8,12.1,71.1,21.1,13.2,100,97.4,84.2,63.2,50,39.5
AMD_TEXTBOOK,64,15,20,38,8.45,-0.8,8.7,23.7,51.8,-4.13,20.47,26.8,12.02,57.9,15.8,7.9,100,97.4,84.2,63.2,50,39.5
AMD_TEXTBOOK,65,15,25,38,8.35,-0.6,7.9,22.5,52.2,-4.68,20.64,26.8,12.29,50,10.5,7.9,100,97.4,84.2,63.2,50,39.5
AMD_TEXTBOOK,66,15,30,38,8.75,0.8,10.9,22,52.2,-4.52,20.68,26.8,11.93,60.5,5.3,10.5,100,97.4,84.2,63.2,50,39.5
AMD_TEXTBOOK,67,15,35,38,9.05,0.2,7.1,23.3,51.6,-4.98,20.82,26.8,11.77,50,5.3,10.5,100,97.4,84.2,65.8,50,39.5
AMD_TEXTBOOK,68,15,40,38,9.1,-0.6,7.2,22,55.2,-5.12,20.94,26.8,11.84,44.7,5.3,15.8,100,97.4,84.2,65.8,50,39.5
AMD_TEXTBOOK,69,15,45,38,8.99,0.6,6.2,22.6,55,-4.92,21.08,26.8,12.09,42.1,7.9,18.4,100,97.4,84.2,65.8,50,39.5
AMD_TEXTBOOK,70,15,50,38,8.4,-0.4,8.2,23.1,54.4,-4.82,21.29,26.8,12.89,36.8,7.9,18.4,100,97.4,84.2,65.8,50,39.5
AMD_TEXTBOOK,71,15,55,38,7.99,-2.8,7.4,23.6,55.2,-4.69,21.44,26.8,13.44,36.8,7.9,18.4,100,97.4,84.2,68.4,50,39.5
AMD_COMPRESSION_BREAKOUT,0,10,0,53,1.56,0.5,1.3,2.3,5.2,1.18,1.56,2.3,0,100,96.2,0,0,0,0,0,0,0
AMD_COMPRESSION_BREAKOUT,1,10,5,53,2,0.2,2.2,3.5,7.8,1.03,2.49,3.5,0.49,54.7,54.7,0,0,0,0,0,0,0
AMD_COMPRESSION_BREAKOUT,2,10,10,53,2.08,-0.7,2.2,3.8,12.6,0.45,2.98,3.9,0.9,43.4,39.6,0,11.3,0,0,0,0,0
AMD_COMPRESSION_BREAKOUT,3,10,15,53,2.47,0.4,2.3,3.8,10.6,-0.08,3.42,4.2,0.95,58.5,37.7,0,17,0,0,0,0,0
AMD_COMPRESSION_BREAKOUT,4,10,20,53,2.85,0.2,2.6,5.1,14.7,-0.44,3.91,5.2,1.05,54.7,34,0,22.6,1.9,0,0,0,0
AMD_COMPRESSION_BREAKOUT,5,10,25,53,2.84,-0.1,3.1,5.4,18,-0.47,4.3,5.8,1.46,49.1,30.2,1.9,39.6,3.8,1.9,1.9,0,0
AMD_COMPRESSION_BREAKOUT,6,10,30,53,2.99,0.5,2.2,5.4,17.2,-0.52,4.6,6.3,1.61,52.8,28.3,0,45.3,7.5,1.9,1.9,0,0
AMD_COMPRESSION_BREAKOUT,7,10,35,53,2.92,0,2.2,5.8,18.2,-0.53,4.86,7.1,1.94,41.5,20.8,0,54.7,11.3,1.9,1.9,0,0
AMD_COMPRESSION_BREAKOUT,8,10,40,53,3.19,0.2,1.8,6.1,19.2,-0.88,5.23,7.4,2.04,52.8,26.4,1.9,58.5,13.2,3.8,3.8,0,0
AMD_COMPRESSION_BREAKOUT,9,10,45,53,3.67,0.9,2.6,6.4,20.9,-1.36,5.52,7.4,1.85,58.5,28.3,0,58.5,13.2,3.8,3.8,1.9,0
AMD_COMPRESSION_BREAKOUT,10,10,50,53,4.18,1.2,3.1,8.2,23.4,-1.75,5.97,8.8,1.79,58.5,28.3,1.9,62.3,13.2,3.8,3.8,1.9,1.9
AMD_COMPRESSION_BREAKOUT,11,10,55,53,4.5,1.6,3.4,8.2,25.8,-2.05,6.32,8.9,1.82,52.8,20.8,0,66,13.2,3.8,3.8,1.9,1.9
AMD_COMPRESSION_BREAKOUT,12,11,0,53,5.07,1.2,4.5,8,25.4,-2.26,6.81,9.2,1.74,66,39.6,0,67.9,15.1,3.8,3.8,1.9,1.9
AMD_COMPRESSION_BREAKOUT,13,11,5,53,4.94,1.2,4.5,9.2,25.8,-2.34,7.14,10,2.2,45.3,26.4,0,69.8,20.8,3.8,3.8,3.8,3.8
AMD_COMPRESSION_BREAKOUT,14,11,10,53,4.95,1.8,4.2,7.8,27.9,-2.44,7.42,10.3,2.46,47.2,28.3,0,75.5,22.6,5.7,3.8,3.8,3.8
AMD_COMPRESSION_BREAKOUT,15,11,15,53,5.12,1.8,4.1,6.9,29.6,-2.84,7.66,10.6,2.53,45.3,26.4,0,75.5,24.5,7.5,3.8,3.8,3.8
AMD_COMPRESSION_BREAKOUT,16,11,20,53,5.5,2.1,5.3,8.4,29.4,-3.08,8.03,10.6,2.53,50.9,26.4,0,77.4,30.2,7.5,5.7,3.8,3.8
AMD_COMPRESSION_BREAKOUT,17,11,25,53,6.12,2.6,4.9,9.3,28.6,-3.43,8.58,11,2.46,62.3,32.1,0,79.2,30.2,7.5,7.5,3.8,3.8
AMD_COMPRESSION_BREAKOUT,18,11,30,53,6.31,2.6,5.4,9.3,25.2,-3.52,8.94,12.6,2.63,56.6,32.1,0,83,35.8,7.5,7.5,3.8,3.8
AMD_COMPRESSION_BREAKOUT,19,11,35,53,6.54,2.2,5.2,8.9,28.6,-3.81,9.24,12.6,2.7,45.3,22.6,1.9,84.9,39.6,7.5,7.5,3.8,3.8
AMD_COMPRESSION_BREAKOUT,20,11,40,53,6.61,2.4,6.4,9.8,29.4,-3.88,9.52,12.9,2.92,49.1,22.6,1.9,84.9,41.5,7.5,7.5,3.8,3.8
AMD_COMPRESSION_BREAKOUT,21,11,45,53,6.78,2.6,5.2,11.9,28.7,-4.38,9.78,12.9,3,54.7,24.5,1.9,86.8,41.5,11.3,9.4,3.8,3.8
AMD_COMPRESSION_BREAKOUT,22,11,50,53,7.14,2.4,5.9,12,27,-4.4,10.09,13.3,2.94,58.5,28.3,0,86.8,43.4,13.2,9.4,3.8,3.8
AMD_COMPRESSION_BREAKOUT,23,11,55,53,7.04,2.8,6.1,11.2,27.1,-4.47,10.34,13.7,3.3,41.5,22.6,0,86.8,45.3,17,11.3,5.7,5.7
AMD_COMPRESSION_BREAKOUT,24,12,0,53,7.59,3.3,7.1,11.2,29.2,-4.44,10.62,13.7,3.03,60.4,24.5,1.9,90.6,45.3,17,11.3,5.7,5.7
AMD_COMPRESSION_BREAKOUT,25,12,5,53,7.55,2,7.5,11,30.4,-4.28,10.93,13.7,3.38,37.7,20.8,1.9,92.5,49.1,17,11.3,7.5,5.7
AMD_COMPRESSION_BREAKOUT,26,12,10,53,7.62,1.4,7,11.9,33.2,-4.75,11.51,14.2,3.89,58.5,28.3,1.9,92.5,52.8,22.6,11.3,7.5,7.5
AMD_COMPRESSION_BREAKOUT,27,12,15,53,7.96,1.7,7.2,12.4,35.6,-4.81,11.81,15.2,3.85,50.9,17,1.9,92.5,54.7,22.6,11.3,7.5,7.5
AMD_COMPRESSION_BREAKOUT,28,12,20,53,8.16,2.4,7,12.7,35.4,-5.09,12.02,15.2,3.86,50.9,18.9,1.9,94.3,54.7,22.6,13.2,7.5,7.5
AMD_COMPRESSION_BREAKOUT,29,12,25,53,8.2,1.6,7.3,14,37.2,-5.5,12.31,15.6,4.11,47.2,22.6,1.9,94.3,56.6,24.5,13.2,9.4,7.5
AMD_COMPRESSION_BREAKOUT,30,12,30,53,9.22,2.4,7.6,15.2,42.4,-4.38,13.11,16.9,3.88,54.7,22.6,3.8,94.3,58.5,28.3,13.2,9.4,7.5
AMD_COMPRESSION_BREAKOUT,31,12,35,53,9.05,1.7,7.6,14.8,40,-5.78,13.31,17.1,4.25,45.3,17,3.8,94.3,64.2,32.1,17,11.3,9.4
AMD_COMPRESSION_BREAKOUT,32,12,40,53,9.65,1.3,7.6,15.4,47.6,-6.05,13.81,17.1,4.17,60.4,24.5,1.9,94.3,66,34,17,13.2,9.4
AMD_COMPRESSION_BREAKOUT,33,12,45,53,10.16,1.4,7.3,16.2,51.4,-6.51,14.3,18.6,4.15,50.9,20.8,1.9,96.2,66,34,18.9,15.1,9.4
AMD_COMPRESSION_BREAKOUT,34,12,50,53,10.02,3,7.4,14.6,52.5,-6.58,14.48,18.6,4.45,43.4,15.1,1.9,98.1,69.8,35.8,18.9,15.1,11.3
AMD_COMPRESSION_BREAKOUT,35,12,55,53,10.02,3.4,7.5,13.6,55.1,-6.57,14.82,18.6,4.79,41.5,15.1,1.9,98.1,69.8,35.8,20.8,15.1,13.2
AMD_COMPRESSION_BREAKOUT,36,13,0,53,10.11,2,7.8,13.5,58.8,-6.33,15.19,18.6,5.08,49.1,17,1.9,98.1,75.5,37.7,24.5,17,13.2
AMD_COMPRESSION_BREAKOUT,37,13,5,53,10.86,2.6,9,13.1,61.6,-6.75,15.59,19.6,4.73,52.8,18.9,0,98.1,77.4,43.4,26.4,17,13.2
AMD_COMPRESSION_BREAKOUT,38,13,10,53,11.08,2.2,9.3,14.6,62.6,-7.82,15.82,19.6,4.75,58.5,22.6,0,98.1,77.4,43.4,28.3,18.9,15.1
AMD_COMPRESSION_BREAKOUT,39,13,15,53,11.18,3.6,8.2,15,67.2,-7.75,16.06,19.6,4.89,49.1,13.2,0,100,77.4,43.4,30.2,20.8,15.1
AMD_COMPRESSION_BREAKOUT,40,13,20,53,11.34,3.3,8.7,16.8,60.1,-7.99,16.45,20.4,5.11,52.8,17,0,100,79.2,43.4,35.8,20.8,17
AMD_COMPRESSION_BREAKOUT,41,13,25,53,11.65,4,9.4,18.4,58.6,-8.49,16.68,20.4,5.03,50.9,15.1,0,100,79.2,45.3,35.8,20.8,17
AMD_COMPRESSION_BREAKOUT,42,13,30,53,12.55,6,10,16.8,60.8,-7.85,16.96,20.4,4.41,60.4,20.8,0,100,83,47.2,35.8,20.8,17
AMD_COMPRESSION_BREAKOUT,43,13,35,53,12.26,3.9,9.6,16.4,60.8,-8.18,17.29,20.4,5.02,39.6,15.1,0,100,86.8,50.9,35.8,20.8,18.9
AMD_COMPRESSION_BREAKOUT,44,13,40,53,12.3,5.1,10,18.2,60,-8.07,17.49,21.2,5.19,43.4,9.4,1.9,100,86.8,54.7,43.4,20.8,18.9
AMD_COMPRESSION_BREAKOUT,45,13,45,53,12.24,4.5,10.5,18.5,56.1,-7.92,17.79,21.9,5.55,49.1,13.2,3.8,100,86.8,62.3,47.2,22.6,18.9
AMD_COMPRESSION_BREAKOUT,46,13,50,53,12.66,4.8,11.6,18.8,53.8,-8.5,18.44,23.5,5.78,56.6,22.6,1.9,100,86.8,64.2,50.9,26.4,18.9
AMD_COMPRESSION_BREAKOUT,47,13,55,53,12.79,6.8,11.1,18.1,53.4,-9.08,18.68,23.5,5.88,47.2,9.4,1.9,100,86.8,64.2,50.9,32.1,18.9
AMD_COMPRESSION_BREAKOUT,48,14,0,53,13.29,6,11.2,18,51.1,-7.97,19.08,25.9,5.78,54.7,18.9,3.8,100,90.6,64.2,52.8,32.1,22.6
AMD_COMPRESSION_BREAKOUT,49,14,5,53,12.13,4.1,10.1,18.1,50.3,-7.84,19.3,25.9,7.16,30.2,9.4,3.8,100,90.6,67.9,54.7,37.7,28.3
AMD_COMPRESSION_BREAKOUT,50,14,10,53,12.65,4.1,10.4,18.1,51.4,-8.45,19.62,26,6.97,62.3,18.9,3.8,100,92.5,73.6,54.7,37.7,30.2
AMD_COMPRESSION_BREAKOUT,51,14,15,53,12.61,6.4,10.2,18.2,49.7,-9.08,19.97,26.2,7.36,43.4,17,3.8,100,96.2,73.6,54.7,37.7,30.2
AMD_COMPRESSION_BREAKOUT,52,14,20,53,12.82,6.8,10.7,18.5,49.4,-9.25,20.2,26.2,7.38,43.4,11.3,3.8,100,96.2,75.5,58.5,37.7,30.2
AMD_COMPRESSION_BREAKOUT,53,14,25,53,12.9,6.1,11.4,17.4,54.5,-9.45,20.43,26.2,7.54,50.9,17,3.8,100,96.2,77.4,62.3,39.6,30.2
AMD_COMPRESSION_BREAKOUT,54,14,30,53,13.72,6.4,12.7,18,52.8,-9.19,20.65,26.2,6.92,64.2,11.3,3.8,100,98.1,79.2,62.3,39.6,30.2
AMD_COMPRESSION_BREAKOUT,55,14,35,53,13.65,6.4,12,18.9,49.9,-9.05,20.82,26.3,7.17,49.1,11.3,3.8,100,98.1,79.2,66,41.5,32.1
AMD_COMPRESSION_BREAKOUT,56,14,40,53,14.07,6.6,12.9,20.4,48.3,-9.7,20.97,26.6,6.9,52.8,7.5,1.9,100,98.1,79.2,66,45.3,34
AMD_COMPRESSION_BREAKOUT,57,14,45,53,13.94,8.7,12.2,20.9,44.8,-9.86,21.03,26.6,7.09,52.8,7.5,3.8,100,98.1,81.1,67.9,47.2,34
AMD_COMPRESSION_BREAKOUT,58,14,50,53,13.88,6.6,12.5,21.8,45.5,-9.57,21.22,26.9,7.34,47.2,15.1,3.8,100,98.1,81.1,67.9,47.2,35.8
AMD_COMPRESSION_BREAKOUT,59,14,55,53,13.67,6,12.8,19.6,46.4,-9.68,21.33,26.9,7.67,47.2,5.7,3.8,100,98.1,81.1,69.8,47.2,35.8
AMD_COMPRESSION_BREAKOUT,60,15,0,53,13.25,6.4,12.8,20.8,46.2,-8.82,21.55,27.4,8.3,43.4,5.7,5.7,100,98.1,81.1,73.6,49.1,37.7
AMD_COMPRESSION_BREAKOUT,61,15,5,53,13.01,6.9,14.2,20.4,46.4,-8.84,21.73,27.4,8.72,52.8,11.3,3.8,100,98.1,83,73.6,50.9,41.5
AMD_COMPRESSION_BREAKOUT,62,15,10,53,12.75,6.6,14.2,19.9,46.2,-8.83,21.89,27.4,9.14,45.3,15.1,3.8,100,98.1,83,73.6,50.9,41.5
AMD_COMPRESSION_BREAKOUT,63,15,15,53,12.75,6.4,12.8,20,45.4,-8.8,22.17,28,9.42,41.5,11.3,5.7,100,98.1,83,75.5,50.9,41.5
AMD_COMPRESSION_BREAKOUT,64,15,20,53,13.17,6.7,14,21.3,45.6,-9.12,22.61,28,9.43,58.5,17,7.5,100,98.1,84.9,75.5,50.9,43.4
AMD_COMPRESSION_BREAKOUT,65,15,25,53,13.01,5.6,13.1,20.6,51.6,-9.64,22.91,28,9.91,45.3,9.4,7.5,100,98.1,84.9,77.4,50.9,43.4
AMD_COMPRESSION_BREAKOUT,66,15,30,53,12.98,6.2,12.4,22.8,48.2,-9.03,23.04,29.2,10.05,52.8,7.5,7.5,100,98.1,86.8,77.4,50.9,45.3
AMD_COMPRESSION_BREAKOUT,67,15,35,53,13,6.6,11.8,23.6,49.8,-9.1,23.19,29.2,10.19,49.1,7.5,7.5,100,98.1,86.8,79.2,52.8,47.2
AMD_COMPRESSION_BREAKOUT,68,15,40,53,12.14,6.1,11.3,22.5,50,-8.68,23.26,29.2,11.12,35.8,5.7,7.5,100,98.1,88.7,79.2,56.6,49.1
AMD_COMPRESSION_BREAKOUT,69,15,45,53,11.97,4.8,11.6,21.2,50.3,-8.3,23.29,29.2,11.31,37.7,5.7,7.5,100,98.1,88.7,79.2,56.6,49.1
AMD_COMPRESSION_BREAKOUT,70,15,50,53,12.04,6.2,13,20.6,51.1,-8.64,23.38,29.2,11.34,52.8,9.4,7.5,100,98.1,90.6,79.2,58.5,50.9
AMD_COMPRESSION_BREAKOUT,71,15,55,53,12.3,5.8,12.8,20,51.2,-8.75,23.46,29.2,11.16,47.2,7.5,5.7,100,100,92.5,81.1,58.5,52.8
AMD_FAILED,0,10,0,46,1.55,-1,1.1,4.4,8,0.7,2.22,4.4,0.67,100,65.2,0,0,0,0,0,0,0
AMD_FAILED,1,10,5,46,1.21,-1.2,0.9,3.8,7,0.81,2.33,4.4,1.12,34.8,17.4,0,4.3,0,0,0,0,0
AMD_FAILED,2,10,10,46,1.11,-0.9,0.7,3.6,6.8,0.83,2.41,4.4,1.3,41.3,19.6,0,8.7,0,0,0,0,0
AMD_FAILED,3,10,15,46,1.05,-1.2,0.5,3.2,7.5,0.84,2.51,4.4,1.45,56.5,23.9,0,21.7,0,0,0,0,0
AMD_FAILED,4,10,20,46,1.27,-1,0.8,3.8,7.6,0.66,2.77,5.3,1.5,45.7,23.9,0,23.9,2.2,0,0,0,0
AMD_FAILED,5,10,25,46,1.39,-0.7,1.6,3.6,7.5,0.35,2.93,5.4,1.54,52.2,15.2,0,26.1,2.2,0,0,0,0
AMD_FAILED,6,10,30,46,1.65,-0.4,1.5,3.8,6.8,0.62,3.05,5.4,1.4,47.8,10.9,0,32.6,2.2,0,0,0,0
AMD_FAILED,7,10,35,46,1.42,-0.4,1.4,2.8,8.8,0.46,3.24,5.4,1.83,43.5,17.4,0,45.7,6.5,0,0,0,0
AMD_FAILED,8,10,40,46,1.28,-0.1,1.5,2.2,8.2,0.68,3.36,5.4,2.08,39.1,13,0,52.2,10.9,0,0,0,0
AMD_FAILED,9,10,45,46,1.03,-0.4,1.2,1.9,6.8,0.95,3.46,5.4,2.43,32.6,10.9,0,58.7,19.6,2.2,0,0,0
AMD_FAILED,10,10,50,46,1.01,0.2,1.1,1.9,3.6,1.12,3.53,5.4,2.52,45.7,8.7,0,65.2,32.6,2.2,0,0,0
AMD_FAILED,11,10,55,46,0.99,0.5,1,1.4,2.9,0.95,3.55,5.4,2.56,37,6.5,0,65.2,34.8,4.3,0,0,0
AMD_FAILED,12,11,0,46,1.18,0.2,1.2,1.6,4.8,1.07,3.74,5.4,2.56,45.7,15.2,0,67.4,39.1,4.3,0,0,0
AMD_FAILED,13,11,5,46,1.14,-0.4,1,2.5,9.9,0.95,3.92,5.5,2.77,37,13,0,69.6,39.1,6.5,0,0,0
AMD_FAILED,14,11,10,46,1.07,-0.4,1,2.5,8.7,0.93,4.03,5.6,2.96,43.5,13,0,71.7,39.1,8.7,0,0,0
AMD_FAILED,15,11,15,46,1.25,-0.5,0.8,2.7,9.2,0.91,4.28,5.9,3.03,54.3,15.2,0,71.7,41.3,13,2.2,0,0
AMD_FAILED,16,11,20,46,1.53,-0.8,1,3.3,15.4,0.69,4.52,5.9,2.99,52.2,17.4,0,71.7,43.5,13,2.2,0,0
AMD_FAILED,17,11,25,46,1.4,-1,1,2.7,17,0.44,4.58,6.2,3.19,45.7,10.9,0,73.9,45.7,13,2.2,0,0
AMD_FAILED,18,11,30,46,1.77,-0.9,1.4,3.6,17.6,0.42,4.82,6.2,3.05,50,19.6,0,73.9,47.8,13,4.3,0,0
AMD_FAILED,19,11,35,46,1.95,-0.5,1.5,3.5,13.5,0.16,4.96,6.8,3.01,54.3,15.2,0,76.1,50,15.2,4.3,0,0
AMD_FAILED,20,11,40,46,1.99,-0.7,1.8,3.6,14.3,-0.11,5.11,6.8,3.12,52.2,15.2,0,80.4,52.2,17.4,6.5,0,0
AMD_FAILED,21,11,45,46,2.17,-0.2,2,4.3,15.1,-0.15,5.24,6.8,3.07,50,13,0,80.4,52.2,19.6,6.5,2.2,0
AMD_FAILED,22,11,50,46,2.17,0.1,2,3.6,15.1,-0.22,5.34,7,3.17,41.3,6.5,0,84.8,54.3,21.7,6.5,2.2,0
AMD_FAILED,23,11,55,46,2.66,-0.5,2.6,5.3,16.3,-0.41,5.56,7,2.9,60.9,17.4,0,84.8,54.3,21.7,8.7,2.2,0
AMD_FAILED,24,12,0,46,3.13,0,2.6,5.6,16.4,-0.24,5.81,7.5,2.68,60.9,19.6,0,87,56.5,21.7,8.7,2.2,0
AMD_FAILED,25,12,5,46,2.87,0,2.8,5.2,14.7,-0.55,5.88,7.5,3.01,41.3,8.7,0,89.1,58.7,23.9,8.7,2.2,0
AMD_FAILED,26,12,10,46,3.11,1.1,2.5,6.1,16.8,-0.7,6.1,7.5,2.98,45.7,15.2,0,89.1,58.7,26.1,10.9,2.2,0
AMD_FAILED,27,12,15,46,2.98,0.5,2.8,6.3,15,-0.05,6.22,7.5,3.23,39.1,15.2,2.2,91.3,60.9,26.1,10.9,2.2,0
AMD_FAILED,28,12,20,46,2.61,0.3,2.2,6.2,17.7,0.15,6.31,7.6,3.7,45.7,15.2,2.2,91.3,60.9,28.3,13,6.5,0
AMD_FAILED,29,12,25,46,2.51,0.2,2.3,5.4,18.2,-0.02,6.38,7.6,3.86,30.4,8.7,0,91.3,60.9,30.4,15.2,6.5,0
AMD_FAILED,30,12,30,46,3.82,-0.5,3.6,6.6,36.8,1.11,7.61,8.3,3.79,45.7,15.2,0,93.5,60.9,30.4,15.2,8.7,2.2
AMD_FAILED,31,12,35,46,3.14,-1.2,3.2,5.8,35.8,0.19,7.63,8.3,4.5,32.6,4.3,2.2,97.8,69.6,37,17.4,8.7,2.2
AMD_FAILED,32,12,40,46,3.14,-1.7,2.9,5.5,33.4,0.17,7.81,8.3,4.67,45.7,8.7,2.2,97.8,69.6,37,17.4,8.7,2.2
AMD_FAILED,33,12,45,46,3.19,-1.1,4,5.9,35.6,-0.12,7.89,8.8,4.7,54.3,10.9,2.2,97.8,73.9,37,19.6,10.9,2.2
AMD_FAILED,34,12,50,46,3.02,-2.1,3.2,7.3,36.4,-0.15,8.1,9.6,5.08,41.3,13,0,97.8,76.1,43.5,23.9,10.9,6.5
AMD_FAILED,35,12,55,46,3.28,-1.6,3.6,6.7,30.4,-0.53,8.24,9.6,4.96,58.7,17.4,0,97.8,80.4,45.7,26.1,10.9,6.5
AMD_FAILED,36,13,0,46,3.44,-1,3.8,7,33.1,0.18,8.48,9.6,5.04,52.2,17.4,2.2,97.8,80.4,45.7,30.4,10.9,6.5
AMD_FAILED,37,13,5,46,2.96,-2,3.2,6.2,29.8,0.2,8.67,10.1,5.71,41.3,19.6,0,97.8,82.6,45.7,30.4,15.2,10.9
AMD_FAILED,38,13,10,46,3,-2.4,3.4,6.6,25.1,0.15,8.78,10.1,5.78,56.5,10.9,2.2,97.8,84.8,47.8,32.6,21.7,17.4
AMD_FAILED,39,13,15,46,3.24,-3,2.8,7.7,20.3,-0.01,9.08,10.2,5.84,50,17.4,0,97.8,84.8,50,32.6,23.9,19.6
AMD_FAILED,40,13,20,46,3.18,-1.4,3.4,7.5,17.5,-0.09,9.19,10.3,6.01,47.8,10.9,0,97.8,84.8,50,32.6,23.9,19.6
AMD_FAILED,41,13,25,46,2.38,-3.4,2.8,6.7,17.5,0.28,9.22,10.4,6.83,32.6,2.2,0,97.8,84.8,54.3,34.8,23.9,19.6
AMD_FAILED,42,13,30,46,3.96,-3.1,3.6,7.8,29.1,1.74,10.25,11.8,6.29,58.7,17.4,2.2,97.8,84.8,54.3,37,26.1,19.6
AMD_FAILED,43,13,35,46,3.15,-3.4,2.4,8.3,24.9,0.64,10.4,12.3,7.26,37,10.9,4.3,97.8,89.1,65.2,45.7,28.3,21.7
AMD_FAILED,44,13,40,46,2.93,-3.3,2.4,7.9,28.1,0.29,10.54,13.6,7.62,47.8,6.5,2.2,97.8,89.1,65.2,47.8,28.3,26.1
AMD_FAILED,45,13,45,46,3.5,-2.7,3.3,9.3,28.6,0.33,10.68,13.9,7.19,63,13,2.2,97.8,89.1,65.2,50,30.4,28.3
AMD_FAILED,46,13,50,46,3.3,-4,3.5,8.4,28.1,0.37,10.71,13.9,7.42,41.3,4.3,2.2,97.8,89.1,65.2,50,32.6,30.4
AMD_FAILED,47,13,55,46,3.02,-3.4,3.3,8.6,24.5,0.31,10.9,13.9,7.88,30.4,6.5,2.2,97.8,91.3,65.2,50,32.6,30.4
AMD_FAILED,48,14,0,46,3.58,-3.5,2.3,8.5,33.2,1.38,11.32,13.9,7.75,47.8,15.2,2.2,97.8,91.3,71.7,52.2,32.6,30.4
AMD_FAILED,49,14,5,46,2.77,-4.7,2.6,6.8,33.4,0.83,11.33,13.9,8.56,32.6,2.2,2.2,97.8,93.5,73.9,58.7,32.6,30.4
AMD_FAILED,50,14,10,46,3.38,-3.9,2.6,8.3,37.6,0.42,11.55,14.6,8.18,50,10.9,6.5,97.8,93.5,73.9,65.2,34.8,32.6
AMD_FAILED,51,14,15,46,3.06,-4.4,2.4,8.5,34.8,0.12,11.58,15.6,8.52,45.7,6.5,8.7,97.8,93.5,73.9,65.2,39.1,34.8
AMD_FAILED,52,14,20,46,2.95,-4.3,3.3,9.3,37.2,0.23,11.69,16.5,8.74,47.8,10.9,10.9,97.8,93.5,73.9,65.2,43.5,37
AMD_FAILED,53,14,25,46,2.49,-5.1,3.2,8.4,36.5,0.5,11.73,17.1,9.25,28.3,6.5,10.9,97.8,93.5,73.9,65.2,43.5,39.1
AMD_FAILED,54,14,30,46,2.73,-4.8,3.6,10.1,33.7,1.19,11.86,17.6,9.13,47.8,6.5,10.9,97.8,93.5,73.9,65.2,43.5,39.1
AMD_FAILED,55,14,35,46,2.15,-6,2.8,11.1,28.6,2,11.94,17.6,9.8,41.3,8.7,10.9,97.8,93.5,78.3,67.4,47.8,41.3
AMD_FAILED,56,14,40,46,1.63,-6,2.2,10.2,30,2.25,12.11,17.6,10.48,41.3,13,15.2,97.8,93.5,78.3,69.6,50,43.5
AMD_FAILED,57,14,45,46,2.05,-5.2,2.3,11.2,29.8,1.88,12.41,17.6,10.36,56.5,15.2,17.4,97.8,93.5,78.3,69.6,50,43.5
AMD_FAILED,58,14,50,46,2.08,-4.6,2.6,10,27.6,2.57,12.53,17.6,10.45,41.3,6.5,15.2,97.8,93.5,80.4,71.7,50,43.5
AMD_FAILED,59,14,55,46,1.55,-5.6,2,9.8,31.3,1.8,12.66,17.6,11.11,34.8,8.7,13,97.8,93.5,80.4,73.9,50,43.5
AMD_FAILED,60,15,0,46,2.02,-6,2,9.5,30.8,2.65,13.09,18.9,11.07,50,6.5,15.2,97.8,93.5,80.4,73.9,52.2,45.7
AMD_FAILED,61,15,5,46,1.46,-8.4,2,10.5,30.8,2.31,13.12,18.9,11.67,37,10.9,15.2,97.8,93.5,80.4,73.9,52.2,47.8
AMD_FAILED,62,15,10,46,1.44,-7.7,1.9,11.2,31.3,2.32,13.25,18.9,11.8,47.8,10.9,13,97.8,93.5,82.6,73.9,52.2,47.8
AMD_FAILED,63,15,15,46,2.37,-6.6,4.4,12.3,47,1.93,13.97,18.9,11.6,50,15.2,17.4,97.8,93.5,82.6,73.9,52.2,47.8
AMD_FAILED,64,15,20,46,2.46,-9.2,1.2,12.4,48.4,1.41,14.19,18.9,11.73,56.5,15.2,21.7,100,93.5,82.6,73.9,54.3,47.8
AMD_FAILED,65,15,25,46,2.54,-8.4,4,10.9,62.8,1.14,14.68,18.9,12.13,45.7,15.2,19.6,100,93.5,82.6,73.9,54.3,47.8
AMD_FAILED,66,15,30,46,2.29,-9.5,3.1,9.4,68.2,1.29,15.08,18.9,12.79,39.1,15.2,19.6,100,93.5,82.6,73.9,58.7,47.8
AMD_FAILED,67,15,35,46,2.24,-10.3,2.5,10.2,64.4,1.47,15.4,18.9,13.16,47.8,10.9,21.7,100,95.7,82.6,73.9,60.9,50
AMD_FAILED,68,15,40,46,2.17,-12,4.3,13.2,65.1,1.61,15.56,18.9,13.39,50,10.9,21.7,100,95.7,84.8,73.9,60.9,52.2
AMD_FAILED,69,15,45,46,1.69,-12.8,3.4,12,57.2,1.68,15.59,18.9,13.89,37,2.2,23.9,100,95.7,87,76.1,60.9,54.3
AMD_FAILED,70,15,50,46,2.22,-11.6,3.8,10.7,55.4,1.74,15.71,21,13.49,58.7,8.7,28.3,100,97.8,87,78.3,63,54.3
AMD_FAILED,71,15,55,46,2.55,-11.3,4.4,12.4,63.4,0.98,15.9,21,13.35,54.3,6.5,23.9,100,97.8,91.3,78.3,63,56.5
AMD_SHIFTED,0,10,0,89,1.93,-3.1,1.6,7.4,29.4,1.19,4.33,7.4,2.4,100,58.4,5.6,0,0,0,0,0,0
AMD_SHIFTED,1,10,5,89,1.86,-3.9,1.4,6.7,28.2,0.86,4.57,7.4,2.71,49.4,29.2,5.6,4.5,0,0,0,0,0
AMD_SHIFTED,2,10,10,89,1.89,-3,1.5,5.8,28.9,0.91,4.8,7.4,2.91,43.8,18,5.6,9,2.2,0,0,0,0
AMD_SHIFTED,3,10,15,89,1.54,-3,0.7,5.6,29.8,0.94,4.84,7.4,3.3,38.2,7.9,4.5,21.3,5.6,0,0,0,0
AMD_SHIFTED,4,10,20,89,1.57,-2.5,0.6,4.6,30.4,1.19,4.96,7.4,3.39,50.6,14.6,4.5,33.7,11.2,1.1,0,0,0
AMD_SHIFTED,5,10,25,89,1.29,-2.6,0.7,4.6,28.9,1.13,5.09,7.4,3.8,38.2,11.2,3.4,40.4,14.6,3.4,1.1,0,0
AMD_SHIFTED,6,10,30,89,1.48,-2.4,0.2,6,29.2,1.3,5.25,7.8,3.77,52.8,10.1,3.4,43.8,18,5.6,3.4,1.1,0
AMD_SHIFTED,7,10,35,89,1.56,-2.8,0.7,5.8,32.4,1.01,5.32,7.8,3.76,50.6,6.7,2.2,49.4,21.3,6.7,3.4,2.2,1.1
AMD_SHIFTED,8,10,40,89,1.72,-2.5,1,5.9,33,0.8,5.47,8.3,3.75,51.7,9,2.2,52.8,24.7,6.7,6.7,2.2,1.1
AMD_SHIFTED,9,10,45,89,1.75,-2.4,0.9,5.6,32.6,0.83,5.56,8.3,3.81,50.6,10.1,1.1,56.2,30.3,7.9,6.7,3.4,1.1
AMD_SHIFTED,10,10,50,89,1.82,-2.6,0.9,5.1,32.4,0.62,5.68,8.6,3.86,44.9,12.4,3.4,58.4,31.5,9,6.7,3.4,1.1
AMD_SHIFTED,11,10,55,89,1.89,-2,1.1,5.8,32.1,0.65,5.84,8.6,3.95,44.9,13.5,1.1,59.6,36,11.2,7.9,3.4,2.2
AMD_SHIFTED,12,11,0,89,1.92,-2.2,1,5.8,33.3,1.08,6.01,9.3,4.1,49.4,11.2,2.2,61.8,39.3,14.6,7.9,3.4,2.2
AMD_SHIFTED,13,11,5,89,1.97,-2.1,1.4,5,31.6,0.86,6.18,9.3,4.21,50.6,11.2,1.1,64,41.6,20.2,12.4,3.4,2.2
AMD_SHIFTED,14,11,10,89,2.2,-2.3,0.9,5.1,30.8,0.76,6.45,10.7,4.26,49.4,12.4,0,68.5,44.9,21.3,13.5,3.4,2.2
AMD_SHIFTED,15,11,15,89,2.02,-2.1,1.4,4.6,25.7,0.76,6.58,10.7,4.56,40.4,9,1.1,70.8,47.2,23.6,13.5,5.6,2.2
AMD_SHIFTED,16,11,20,89,1.76,-1.8,1.2,3.4,24.3,1.09,6.65,10.7,4.89,44.9,5.6,1.1,75.3,50.6,24.7,14.6,6.7,4.5
AMD_SHIFTED,17,11,25,89,1.44,-1.8,0.9,3,21.3,1.17,6.68,10.7,5.24,36,3.4,0,76.4,53.9,30.3,16.9,6.7,5.6
AMD_SHIFTED,18,11,30,89,1.44,-1.8,1.2,3.2,24.8,1.39,6.8,10.7,5.36,49.4,11.2,1.1,79.8,55.1,30.3,19.1,9,5.6
AMD_SHIFTED,19,11,35,89,1.14,-1.9,0.8,3,27.2,1.61,6.89,10.7,5.75,40.4,6.7,1.1,82,59.6,33.7,23.6,11.2,5.6
AMD_SHIFTED,20,11,40,89,1.23,-1.2,0.6,2.6,26.3,1.79,7.03,10.7,5.8,50.6,7.9,1.1,83.1,60.7,39.3,25.8,13.5,5.6
AMD_SHIFTED,21,11,45,89,1.38,-0.6,0.9,2.5,15.4,1.61,7.09,10.7,5.72,53.9,9,0,84.3,62.9,41.6,28.1,14.6,7.9
AMD_SHIFTED,22,11,50,89,1.75,0.2,1.5,3.1,13.2,1.27,7.18,10.7,5.42,56.2,9,0,84.3,65.2,42.7,30.3,18,9
AMD_SHIFTED,23,11,55,89,1.43,0.5,1.1,1.9,10.6,1.32,7.25,10.7,5.81,41.6,10.1,0,84.3,66.3,42.7,31.5,18,12.4
AMD_SHIFTED,24,12,0,89,1.54,0.4,1.5,2.3,8.1,1.77,7.4,10.7,5.86,53.9,10.1,0,85.4,67.4,44.9,33.7,18,12.4
AMD_SHIFTED,25,12,5,89,1.61,0,1.5,2.5,14,1.88,7.66,10.7,6.05,42.7,10.1,0,88.8,68.5,44.9,33.7,20.2,14.6
AMD_SHIFTED,26,12,10,89,1.66,-0.6,1.5,3.6,14.4,1.62,7.84,10.7,6.17,44.9,10.1,0,92.1,68.5,46.1,33.7,21.3,15.7
AMD_SHIFTED,27,12,15,89,2.08,-1.2,1.4,4.8,14.1,1.58,8.05,10.7,5.97,48.3,16.9,0,92.1,74.2,49.4,34.8,21.3,15.7
AMD_SHIFTED,28,12,20,89,2.15,-1,2.2,5.2,19.6,1.36,8.24,10.8,6.09,47.2,10.1,0,92.1,76.4,50.6,36,21.3,16.9
AMD_SHIFTED,29,12,25,89,1.99,-0.8,1.6,5,16.9,1.06,8.29,10.8,6.3,47.2,5.6,0,94.4,78.7,51.7,37.1,22.5,16.9
AMD_SHIFTED,30,12,30,89,3.73,-0.8,2.8,7.4,33,1.63,9.32,12,5.59,60.7,16.9,4.5,94.4,79.8,51.7,37.1,24.7,16.9
AMD_SHIFTED,31,12,35,89,3.58,-1,2.8,7.8,28.4,0.34,9.65,13.7,6.06,43.8,14.6,2.2,94.4,80.9,56.2,40.4,29.2,20.2
AMD_SHIFTED,32,12,40,89,3.43,-0.6,2.6,6.8,25.3,0.42,9.8,13.8,6.37,46.1,10.1,2.2,95.5,80.9,60.7,43.8,29.2,21.3
AMD_SHIFTED,33,12,45,89,3.81,-0.6,2.9,7.6,29,-0.16,10.05,13.8,6.25,56.2,13.5,2.2,95.5,82,61.8,43.8,30.3,23.6
AMD_SHIFTED,34,12,50,89,3.94,-0.4,3,8,31.1,-0.05,10.3,13.9,6.36,59.6,12.4,4.5,95.5,85.4,64,46.1,30.3,23.6
AMD_SHIFTED,35,12,55,89,3.68,-0.5,3.4,7.4,31.5,-0.2,10.47,13.9,6.79,50.6,15.7,4.5,95.5,88.8,64,49.4,31.5,25.8
AMD_SHIFTED,36,13,0,89,4.28,-0.6,4.5,8.7,34.6,-0.32,10.76,13.9,6.48,58.4,16.9,5.6,95.5,88.8,66.3,49.4,32.6,25.8
AMD_SHIFTED,37,13,5,89,4.39,-0.5,4.6,8.8,34.4,-0.42,11.1,15,6.72,46.1,16.9,4.5,95.5,88.8,67.4,50.6,34.8,27
AMD_SHIFTED,38,13,10,89,4.22,-1.8,4.8,9,38.9,-0.69,11.32,15,7.1,47.2,13.5,4.5,96.6,88.8,69.7,51.7,37.1,30.3
AMD_SHIFTED,39,13,15,89,4.54,-0.7,4.7,8.8,38.8,-0.71,11.6,15.6,7.06,50.6,15.7,5.6,96.6,88.8,69.7,52.8,39.3,31.5
AMD_SHIFTED,40,13,20,89,4.75,0.9,4.6,9.6,38.8,-0.94,11.84,15.6,7.09,52.8,16.9,3.4,96.6,88.8,70.8,52.8,39.3,31.5
AMD_SHIFTED,41,13,25,89,4.56,0.2,4.2,10.6,38.7,-1.34,12.04,16.1,7.48,47.2,15.7,6.7,98.9,89.9,71.9,52.8,39.3,31.5
AMD_SHIFTED,42,13,30,89,5.86,1.6,6.3,10.3,38.1,-0.61,12.66,16.6,6.8,67.4,21.3,6.7,98.9,89.9,71.9,53.9,40.4,31.5
AMD_SHIFTED,43,13,35,89,5.38,-0.8,5.4,10.5,44.4,-0.62,12.94,16.6,7.56,44.9,14.6,9,98.9,89.9,73,58.4,43.8,33.7
AMD_SHIFTED,44,13,40,89,5.42,-1.4,5.6,10.8,45,-0.99,13.21,16.6,7.79,47.2,13.5,7.9,98.9,89.9,73,60.7,44.9,37.1
AMD_SHIFTED,45,13,45,89,5.67,-1.1,6.2,11.3,46.5,-0.85,13.48,16.6,7.81,48.3,14.6,11.2,98.9,89.9,74.2,60.7,46.1,37.1
AMD_SHIFTED,46,13,50,89,5.2,-1.8,5.6,11.4,47.5,-0.4,13.7,16.8,8.5,43.8,15.7,11.2,100,92.1,74.2,60.7,46.1,39.3
AMD_SHIFTED,47,13,55,89,4.54,-2.8,4.3,11.9,48,-0.61,13.92,17,9.37,43.8,11.2,9,100,93.3,80.9,60.7,48.3,39.3
AMD_SHIFTED,48,14,0,89,5.51,-3.2,5.5,12.9,47.8,0.14,14.31,18,8.8,57.3,13.5,7.9,100,93.3,80.9,64,49.4,39.3
AMD_SHIFTED,49,14,5,89,4.96,-3.5,3.7,13.3,46.2,-0.02,14.51,18,9.56,43.8,11.2,9,100,93.3,83.1,68.5,51.7,40.4
AMD_SHIFTED,50,14,10,89,4.83,-3.4,3.7,13.7,42,-0.11,14.7,18.6,9.87,49.4,15.7,7.9,100,93.3,83.1,68.5,52.8,40.4
AMD_SHIFTED,51,14,15,89,4.43,-4,3.5,11.8,39.4,-0.27,14.78,18.6,10.35,46.1,5.6,7.9,100,93.3,84.3,73,56.2,42.7
AMD_SHIFTED,52,14,20,89,4.87,-4.3,5.2,13.4,33.8,0.01,15.13,18.6,10.27,49.4,10.1,9,100,94.4,84.3,74.2,61.8,46.1
AMD_SHIFTED,53,14,25,89,4.65,-3.8,4.6,11.8,34.8,-0.68,15.35,19.9,10.69,44.9,12.4,7.9,100,94.4,85.4,74.2,64,48.3
AMD_SHIFTED,54,14,30,89,5.58,-2,5.8,13,35.3,-0.6,15.63,20,10.06,66.3,11.2,10.1,100,94.4,85.4,75.3,64,50.6
AMD_SHIFTED,55,14,35,89,5.7,-3.1,5.7,15.1,35.8,-0.62,15.86,20,10.15,50.6,10.1,15.7,100,94.4,85.4,75.3,64,50.6
AMD_SHIFTED,56,14,40,89,5.34,-4.7,5.3,14.1,34.8,-0.53,16.04,20,10.7,41.6,9,12.4,100,97.8,86.5,75.3,65.2,51.7
AMD_SHIFTED,57,14,45,89,5.05,-2.9,5.3,13.6,37,-0.36,16.25,20.1,11.2,43.8,10.1,12.4,100,97.8,88.8,77.5,67.4,52.8
AMD_SHIFTED,58,14,50,89,4.82,-3.9,4.9,13.4,37.9,-0.02,16.3,20.1,11.49,38.2,2.2,13.5,100,97.8,89.9,77.5,67.4,53.9
AMD_SHIFTED,59,14,55,89,4.64,-3.8,3,13.4,48,-0.35,16.53,20.1,11.89,42.7,5.6,12.4,100,97.8,91,78.7,68.5,56.2
AMD_SHIFTED,60,15,0,89,5.48,-4.6,6.2,15.6,41.4,0.16,16.87,20.7,11.39,48.3,6.7,12.4,100,97.8,91,80.9,69.7,57.3
AMD_SHIFTED,61,15,5,89,5.13,-5,5.4,14.3,40.4,0.07,17.02,20.7,11.89,47.2,7.9,13.5,100,97.8,92.1,80.9,70.8,59.6
AMD_SHIFTED,62,15,10,89,4.91,-5.2,5.6,15.8,42.6,-0.59,17.17,20.7,12.26,48.3,5.6,12.4,100,97.8,93.3,82,71.9,59.6
AMD_SHIFTED,63,15,15,89,4.98,-4.9,5.8,15.8,41.4,-0.61,17.18,20.7,12.19,47.2,2.2,13.5,100,97.8,93.3,83.1,75.3,60.7
AMD_SHIFTED,64,15,20,89,5.02,-6.1,8,16.3,37,-0.81,17.27,20.7,12.24,49.4,6.7,12.4,100,97.8,93.3,84.3,76.4,62.9
AMD_SHIFTED,65,15,25,89,4.8,-6.1,6.7,15.4,36.8,-0.98,17.47,20.9,12.67,46.1,13.5,12.4,100,97.8,93.3,86.5,79.8,65.2
AMD_SHIFTED,66,15,30,89,5.43,-5.2,7,15.5,39.6,-0.95,17.72,22.6,12.29,61.8,10.1,12.4,100,97.8,93.3,86.5,79.8,65.2
AMD_SHIFTED,67,15,35,89,5.22,-5.8,6.5,15.4,40.6,-1.34,17.93,22.8,12.71,40.4,10.1,13.5,100,97.8,93.3,86.5,82,66.3
AMD_SHIFTED,68,15,40,89,5.34,-5.3,7.7,15.9,40.4,-1.56,17.98,22.8,12.64,51.7,5.6,14.6,100,97.8,93.3,86.5,83.1,67.4
AMD_SHIFTED,69,15,45,89,5.48,-4.9,7.5,16.8,41.4,-1.71,18.13,22.8,12.66,50.6,9,15.7,100,97.8,94.4,86.5,83.1,69.7
AMD_SHIFTED,70,15,50,89,5.71,-4,7.2,16.5,41.4,-1.8,18.23,23.1,12.52,50.6,7.9,16.9,100,97.8,94.4,86.5,83.1,69.7
AMD_SHIFTED,71,15,55,89,6.04,-3,6.8,17.2,41.7,-2.29,18.39,23.1,12.34,49.4,5.6,10.1,100,97.8,94.4,86.5,83.1,69.7
AMD_NONE,0,10,0,34,3.2,1.5,2.3,3.5,9.9,1.41,3.2,3.5,0,100,100,0,0,0,0,0,0,0
AMD_NONE,1,10,5,34,4.29,0.6,2.3,6.7,33.6,0.43,4.96,7.2,0.67,47.1,47.1,0,5.9,0,0,0,0,0
AMD_NONE,2,10,10,34,4.22,0,3.5,5.2,34.5,-0.04,5.59,7.4,1.37,44.1,35.3,0,23.5,5.9,0,0,0,0
AMD_NONE,3,10,15,34,4.18,-0.5,2.6,7,29.7,0.3,6.4,7.8,2.22,41.2,35.3,0,35.3,17.6,2.9,0,0,0
AMD_NONE,4,10,20,34,3.98,-0.6,2.4,5.5,22.5,0.33,6.99,8.2,3.01,47.1,29.4,2.9,44.1,26.5,11.8,5.9,5.9,0
AMD_NONE,5,10,25,34,3.23,-2.1,3,6,21.8,0.17,7.31,8.4,4.08,38.2,23.5,2.9,61.8,35.3,17.6,5.9,5.9,5.9
AMD_NONE,6,10,30,34,3.53,-1.9,2.6,7.5,23.1,0.35,7.41,8.4,3.89,58.8,17.6,2.9,64.7,38.2,17.6,5.9,5.9,5.9
AMD_NONE,7,10,35,34,3.14,-1.6,2,6.4,24.5,1.31,7.77,8.4,4.63,50,23.5,8.8,70.6,41.2,23.5,11.8,5.9,5.9
AMD_NONE,8,10,40,34,2.5,-0.6,1.5,6.8,24.5,1.08,8.05,8.7,5.55,38.2,14.7,8.8,82.4,47.1,29.4,14.7,11.8,8.8
AMD_NONE,9,10,45,34,2.75,-0.6,1.4,9.6,25.2,1.15,8.29,10.4,5.54,52.9,14.7,11.8,85.3,50,29.4,14.7,14.7,14.7
AMD_NONE,10,10,50,34,3.04,-1.2,2,9.3,24.5,0.82,8.37,10.8,5.33,44.1,14.7,8.8,85.3,55.9,38.2,14.7,14.7,14.7
AMD_NONE,11,10,55,34,2.9,-1,2,8.3,23.9,0.62,8.44,11.1,5.54,47.1,17.6,8.8,85.3,58.8,41.2,14.7,14.7,14.7
AMD_NONE,12,11,0,34,3.75,-1.4,3.8,9.6,24.1,0.91,8.73,11.6,4.97,70.6,20.6,8.8,88.2,58.8,44.1,17.6,14.7,14.7
AMD_NONE,13,11,5,34,6.7,-1.2,3.8,11.1,85.9,0.32,11.64,13.8,4.94,47.1,20.6,8.8,91.2,61.8,44.1,17.6,14.7,14.7
AMD_NONE,14,11,10,34,6.84,-0.6,2.1,8.4,101.1,-2.66,12.41,14.8,5.56,41.2,23.5,5.9,91.2,70.6,47.1,29.4,17.6,14.7
AMD_NONE,15,11,15,34,6.74,-0.1,3.6,10.2,80.7,-2.51,12.7,15.3,5.96,64.7,26.5,5.9,91.2,70.6,50,29.4,20.6,17.6
AMD_NONE,16,11,20,34,6.29,-0.1,3.8,9.3,67.9,-1.07,12.88,15.3,6.59,52.9,14.7,5.9,97.1,73.5,52.9,29.4,20.6,17.6
AMD_NONE,17,11,25,34,6.58,-1.5,3.9,9.2,65.9,-2.61,13.07,15.3,6.49,52.9,11.8,2.9,97.1,79.4,52.9,35.3,23.5,20.6
AMD_NONE,18,11,30,34,7.64,-2.1,4,9.9,92,-2.93,13.35,15.3,5.71,61.8,14.7,2.9,97.1,79.4,58.8,38.2,23.5,20.6
AMD_NONE,19,11,35,34,7.85,-1.9,5.2,8.5,90.4,-4.24,13.55,15.3,5.7,41.2,11.8,2.9,97.1,79.4,58.8,41.2,23.5,20.6
AMD_NONE,20,11,40,34,6.94,-1.8,4,10.6,74.9,-3.12,13.64,15.3,6.7,29.4,5.9,2.9,97.1,79.4,58.8,41.2,23.5,20.6
AMD_NONE,21,11,45,34,6.55,-0.8,3,12.4,71,-2.25,13.64,15.3,7.09,41.2,2.9,2.9,97.1,82.4,64.7,41.2,26.5,20.6
AMD_NONE,22,11,50,34,7.22,-2.4,4.1,13.1,59.5,-2.1,14.36,16.6,7.14,52.9,17.6,2.9,97.1,82.4,67.6,41.2,26.5,23.5
AMD_NONE,23,11,55,34,6.06,-2.4,4.8,11.8,53.2,-2.16,14.51,16.6,8.46,26.5,5.9,2.9,100,85.3,70.6,50,29.4,23.5
AMD_NONE,24,12,0,34,7.27,-0.4,5.7,8.6,56.3,-2.04,14.87,16.8,7.6,64.7,8.8,2.9,100,85.3,70.6,52.9,29.4,23.5
AMD_NONE,25,12,5,34,6.91,-1.3,4.4,8.4,52,-2.12,14.87,16.8,7.96,47.1,0,2.9,100,88.2,73.5,58.8,35.3,26.5
AMD_NONE,26,12,10,34,6.59,-3.2,2.9,8.3,55.5,-2.42,15.01,16.8,8.41,44.1,5.9,2.9,100,94.1,73.5,58.8,35.3,26.5
AMD_NONE,27,12,15,34,6.71,-2.9,4.5,8.6,62.1,-2.19,15.06,16.8,8.35,41.2,2.9,0,100,94.1,76.5,58.8,35.3,26.5
AMD_NONE,28,12,20,34,6.57,-4.1,4.9,12.9,65.5,-2.19,15.06,16.8,8.49,44.1,2.9,2.9,100,97.1,76.5,61.8,41.2,26.5
AMD_NONE,29,12,25,34,5.98,-3.3,1.8,9.2,63.4,-2.16,15.06,16.8,9.09,47.1,0,2.9,100,97.1,79.4,61.8,44.1,32.4
AMD_NONE,30,12,30,34,6.05,-3.8,1.8,12,60.6,-0.76,15.15,17.6,9.11,55.9,8.8,5.9,100,97.1,79.4,61.8,44.1,32.4
AMD_NONE,31,12,35,34,5.28,-4,2.3,9.2,62.5,-0.9,15.31,18.3,10.04,44.1,5.9,2.9,100,97.1,79.4,64.7,47.1,32.4
AMD_NONE,32,12,40,34,5.57,-4.9,1.8,11.9,80.5,-0.64,15.31,18.3,9.74,38.2,0,2.9,100,97.1,91.2,67.6,52.9,35.3
AMD_NONE,33,12,45,34,6.11,-3.9,2.1,8.6,88.2,-1.15,15.58,19.2,9.46,52.9,5.9,8.8,100,97.1,91.2,70.6,52.9,41.2
AMD_NONE,34,12,50,34,5.68,-3.7,0.2,8,91.1,-1.01,15.59,19.2,9.91,41.2,5.9,8.8,100,100,91.2,73.5,58.8,44.1
AMD_NONE,35,12,55,34,4.9,-3.7,2.9,7,90.5,-0.86,15.73,19.2,10.83,32.4,5.9,8.8,100,100,91.2,76.5,58.8,44.1
AMD_NONE,36,13,0,34,5.89,-4.1,2.6,8,90.8,0.2,15.87,19.2,9.99,64.7,5.9,11.8,100,100,94.1,79.4,61.8,44.1
AMD_NONE,37,13,5,34,5.49,-4.7,3.2,11.8,82.3,-0.12,16.31,19.2,10.82,38.2,14.7,11.8,100,100,94.1,79.4,64.7,47.1
AMD_NONE,38,13,10,34,6.04,-6.9,5.2,11.5,77.2,-0.95,16.46,19.2,10.42,58.8,5.9,14.7,100,100,94.1,82.4,64.7,50
AMD_NONE,39,13,15,34,6.34,-4.9,7.2,11.5,77.5,-1.4,16.59,19.2,10.25,55.9,8.8,14.7,100,100,94.1,82.4,64.7,52.9
AMD_NONE,40,13,20,34,5.83,-5.8,4.4,14.1,68.1,-0.69,16.71,19.2,10.87,41.2,8.8,14.7,100,100,94.1,82.4,64.7,52.9
AMD_NONE,41,13,25,34,5.52,-4.4,3.8,14,65.7,-1.31,16.84,19.2,11.32,35.3,8.8,11.8,100,100,94.1,82.4,67.6,55.9
AMD_NONE,42,13,30,34,6.24,-5.6,4.8,14.8,68.5,1.4,17.44,20.2,11.2,47.1,14.7,17.6,100,100,94.1,85.3,67.6,58.8
AMD_NONE,43,13,35,34,5.68,-6.4,5.2,13.4,77.1,1.15,17.62,22.8,11.94,41.2,14.7,20.6,100,100,94.1,88.2,76.5,61.8
AMD_NONE,44,13,40,34,5.71,-5,6,12.8,90.1,0.52,17.64,22.8,11.93,52.9,2.9,20.6,100,100,94.1,88.2,76.5,64.7
AMD_NONE,45,13,45,34,6.16,-6.2,6.9,14.4,85.6,-0.06,17.84,22.8,11.68,50,5.9,17.6,100,100,94.1,88.2,76.5,64.7
AMD_NONE,46,13,50,34,5.97,-7.2,5.6,14.4,88.9,0.1,17.89,22.8,11.91,52.9,2.9,20.6,100,100,94.1,88.2,76.5,64.7
AMD_NONE,47,13,55,34,5.11,-7.4,4.8,15,86.9,-0.05,17.91,22.8,12.81,41.2,2.9,20.6,100,100,94.1,88.2,76.5,64.7
AMD_NONE,48,14,0,34,7.08,-9.2,8.8,15.9,98,0.27,18.93,22.8,11.85,55.9,20.6,26.5,100,100,94.1,91.2,79.4,67.6
AMD_NONE,49,14,5,34,7.06,-9,8.7,18.1,91,-0.52,19.27,23.5,12.21,50,26.5,26.5,100,100,94.1,91.2,82.4,67.6
AMD_NONE,50,14,10,34,6.38,-12.6,8.2,18.8,93.2,-1.09,19.83,25.2,13.45,44.1,17.6,29.4,100,100,94.1,91.2,82.4,70.6
AMD_NONE,51,14,15,34,7.07,-13.4,7.6,19,107.9,-1.64,20.26,25.2,13.19,52.9,23.5,29.4,100,100,94.1,91.2,82.4,73.5
AMD_NONE,52,14,20,34,7.76,-15.2,11.1,19.8,118.5,-2.31,21,25.8,13.24,55.9,20.6,29.4,100,100,94.1,91.2,82.4,73.5
AMD_NONE,53,14,25,34,7.37,-13.4,7.3,17.9,117.3,-2.43,21.22,26.2,13.85,55.9,17.6,26.5,100,100,94.1,91.2,82.4,73.5
AMD_NONE,54,14,30,34,8.44,-9,11.6,18.5,120,-1.74,21.37,26.2,12.94,55.9,20.6,29.4,100,100,94.1,91.2,82.4,73.5
AMD_NONE,55,14,35,34,8.64,-7.1,13.6,19,117.1,-1.24,21.67,26.2,13.04,50,14.7,23.5,100,100,94.1,91.2,82.4,73.5
AMD_NONE,56,14,40,34,7.93,-7.6,9.8,22.4,115.5,-1.56,22.1,26.9,14.17,32.4,11.8,23.5,100,100,94.1,91.2,82.4,73.5
AMD_NONE,57,14,45,34,8.2,-6.2,11,19.6,114.7,-0.99,22.39,27.1,14.2,58.8,8.8,20.6,100,100,94.1,91.2,82.4,73.5
AMD_NONE,58,14,50,34,8.35,-8.1,11.2,18,113.7,-1.22,22.69,28.2,14.34,55.9,5.9,23.5,100,100,97.1,94.1,85.3,76.5
AMD_NONE,59,14,55,34,7.35,-5.9,9.2,18.3,110.1,-0.71,22.71,28.2,15.36,35.3,5.9,26.5,100,100,97.1,94.1,88.2,76.5
AMD_NONE,60,15,0,34,6.2,-10.5,10,17.1,116.6,1.19,22.74,28.2,16.54,32.4,2.9,26.5,100,100,97.1,94.1,88.2,76.5
AMD_NONE,61,15,5,34,5.53,-12.6,10,18.2,115.9,1.06,22.74,28.2,17.21,41.2,0,35.3,100,100,97.1,94.1,88.2,76.5
AMD_NONE,62,15,10,34,4.99,-13.1,9,15.4,113.1,1.71,22.79,28.2,17.81,47.1,5.9,32.4,100,100,97.1,97.1,88.2,76.5
AMD_NONE,63,15,15,34,4.39,-13.4,6.8,17.8,103.7,3.07,23.11,28.2,18.72,50,8.8,29.4,100,100,97.1,97.1,94.1,79.4
AMD_NONE,64,15,20,34,3.82,-13.1,6.5,19.2,94.5,2.74,23.37,30.1,19.56,55.9,14.7,32.4,100,100,97.1,97.1,94.1,82.4
AMD_NONE,65,15,25,34,2.38,-15,5.6,19.9,92.3,3.69,23.45,30.4,21.07,29.4,5.9,35.3,100,100,97.1,97.1,94.1,82.4
AMD_NONE,66,15,30,34,0.99,-16,4,19.3,81.3,4.09,23.53,31,22.54,29.4,2.9,35.3,100,100,97.1,97.1,94.1,82.4
AMD_NONE,67,15,35,34,0.7,-17.5,4.5,18.3,74.9,5.43,23.53,31,22.83,38.2,0,35.3,100,100,97.1,97.1,94.1,82.4
AMD_NONE,68,15,40,34,1.23,-18.8,5.2,17.4,71.9,5.31,23.7,31,22.47,52.9,8.8,35.3,100,100,97.1,97.1,94.1,82.4
AMD_NONE,69,15,45,34,1.05,-18.4,7.2,18.2,68.1,5.16,23.81,31,22.76,47.1,11.8,38.2,100,100,97.1,97.1,94.1,82.4
AMD_NONE,70,15,50,34,0.71,-20.4,7.4,21.1,66.5,5.38,24.07,31,23.36,47.1,11.8,38.2,100,100,97.1,97.1,94.1,82.4
AMD_NONE,71,15,55,34,0.07,-21.3,8.1,23,55.5,5.06,24.21,31,24.14,38.2,11.8,38.2,100,100,97.1,97.1,94.1,82.4